Lesson,Term
Spine,arachnoid mater
Spine,atlas
Spine,axis
Spine,body of vertebra
Spine,cauda equina
Spine,cervical vertebra
Spine,thoracic vertebra
Spine,lumbar vertebra
Spine,sacrum
Spine,conus medullaris
Spine,denticulate ligaments
Spine,dorsal roots
Spine,dural sac
Spine,epidural/extradural space
Spine,filum terminale
Spine,foramen transversarium
Spine,interspinous ligaments
Spine,intervertebral foramen
Spine,laminae
Spine,ligamenta flava
Spine,pedicle
Spine,spinous process
Spine,lamina
Thoracic Wall,superior epigastric artery
Thoracic Wall,anterior intercostal artery
Thoracic Wall,lateral thoracic artery
Thoracic Wall,thoracoacromial artery
Thoracic Wall,costal groove
Thoracic Wall,jugular notch
Thoracic Wall,sternal angle (of Louis)
Thoracic Wall,costal cartilages
Thoracic Wall,external intercostal muscle
Thoracic Wall,innermost intercostal muscle
Thoracic Wall,internal intercostal muscle
Thoracic Wall,pectoralis major
Thoracic Wall,pectoralis minor
Thoracic Wall,"serratus anterior, lateral view"
Thoracic Wall,anterior cutaneous branches
Thoracic Wall,lateral cutaneous branches
Thoracic Wall,lateral pectoral nerve
Thoracic Wall,medial pectoral nerve
Thoracic Wall,cephalic vein
Thoracic Wall,superior epigastric vein
Thoracic Wall,deltopectoral triangle
Thoracic Wall,parietal pleura
